criterion,n,mean_annot_001,mean_annot_002,mean_abs_diff,exact_agreement_pct,within_1_pct,quadratic_weighted_kappa,linear_weighted_kappa,spearman,pearson,score_dist_annot_001,score_dist_annot_002
Unambiguous,74,3.662162,3.743243,0.297297,71.621622,98.648649,0.387164,0.39659,0.419351,0.392356,"{""3"": 26, ""4"": 47, ""5"": 1}","{""3"": 22, ""4"": 49, ""5"": 3}"
Correctness,74,4.959459,4.945946,0.013514,98.648649,100.0,0.850202,0.850202,0.859905,0.859905,"{""4"": 3, ""5"": 71}","{""4"": 4, ""5"": 70}"
Verifiability,74,4.094595,4.148649,0.243243,75.675676,100.0,0.762905,0.669315,0.73745,0.770516,"{""2"": 3, ""3"": 9, ""4"": 40, ""5"": 22}","{""3"": 12, ""4"": 39, ""5"": 23}"
Set_Consistency,74,4.878378,4.932432,0.162162,83.783784,100.0,0.061311,0.061311,0.064552,0.064552,"{""4"": 9, ""5"": 65}","{""4"": 5, ""5"": 69}"
Set_Feasibility,74,4.283784,4.283784,0.243243,75.675676,100.0,0.667166,0.602862,0.67411,0.667166,"{""3"": 6, ""4"": 41, ""5"": 27}","{""3"": 6, ""4"": 41, ""5"": 27}"
OVERALL_ALL_CELLS,370,4.375676,4.410811,0.191892,81.081081,99.72973,0.7954,0.729471,0.795643,0.797352,"{""2"": 3, ""3"": 41, ""4"": 140, ""5"": 186}","{""3"": 40, ""4"": 138, ""5"": 192}"
