Criterion,Human_mare,Human_iredev,Human_quare,LLM_mare,LLM_iredev,LLM_quare,Spearman,QWK
Unambiguous,3.6818181818181817,3.7045454545454546,3.716666666666667,4.409090909090909,4.181818181818182,4.233333333333333,-0.10924406660644682,-0.07897934386391281
Correctness,4.954545454545454,4.931818181818182,4.966666666666667,5.0,5.0,5.0,nan,0.0
Verifiability,4.0,4.045454545454546,4.266666666666667,3.9545454545454546,3.9545454545454546,4.966666666666667,0.19549032149842396,0.11467268623024829
Set Consistency,4.886363636363637,4.909090909090909,4.916666666666667,5.0,5.0,5.0,nan,0.0
Set Feasibility,4.2727272727272725,4.2727272727272725,4.3,3.727272727272727,3.727272727272727,4.966666666666667,0.027181222253971953,0.0034202650705429383
Overall,4.359090909090909,4.372727272727273,4.433333333333334,4.418181818181818,4.372727272727273,4.833333333333333,0.5111952885999429,0.38625592417061605
